{"_runtime":581.732368491,"forget_test/it_coarse_loss":3.9731887578964233,"forget_test/it_fine_accuracy":0.9460533410310745,"_wandb":{"runtime":603},"_timestamp":1.7355362447549677e+09,"forget_train/it_fine_loss":0.516533613204956,"forget_train/it_fine_accuracy":0.75,"forget_train/it_coarse_loss":3.6750621795654297,"forget_train/it_coarse_accuracy":0.375,"iteration":63,"_step":77,"forget_learning_rate":1e-07,"forget_test/it_coarse_accuracy":0.38719019293785095,"forget_train/it_train_loss":-1.3209974765777588,"forget_test/it_fine_loss":0.2520153634250164}