{"_timestamp":1.7492365751322942e+09,"forget_learning_rate":9e-08,"forget_test/it_fine_loss":0.5273242741823196,"_step":34,"forget_train/it_train_loss":-0.5880860686302185,"iteration":32,"_runtime":114.506992507,"forget_test/it_coarse_loss":0.26757043848435086,"forget_train/it_coarse_loss":0.21710598468780518,"_wandb":{"runtime":116},"forget_train/it_coarse_accuracy":0.9375,"forget_test/it_fine_accuracy":0.8394345243771871,"forget_train/it_fine_accuracy":0.6875,"forget_test/it_coarse_accuracy":0.9332589308420817,"forget_train/it_fine_loss":0.8051920533180237}