{"forget_learning_rate":1e-07,"_step":78,"epoch":0,"forget_test/epoch_coarse_accuracy":0.6171875,"forget_train/it_fine_accuracy":0.9375,"forget_train/it_coarse_accuracy":0.5,"forget_train/epoch_coarse_acc":0.6096230158730157,"forget_test/it_fine_accuracy":0.9560210108757019,"forget_train/it_coarse_loss":1.4079176187515259,"_wandb":{"runtime":619},"forget_test/it_coarse_accuracy":0.6439924538135529,"iteration":63,"forget_test/epoch_fine_accuracy":0.9560210108757019,"forget_train/it_fine_loss":0.37523531913757324,"forget_train/epoch_fine_acc":0.8903769841269841,"forget_train/it_train_loss":0.30483943223953247,"forget_test/it_fine_loss":0.22327552735805511,"forget_test/it_coarse_loss":0.9390753284096718,"forget_train/epoch_train_loss":0.3871373020940357,"_timestamp":1.7355369145504673e+09,"_runtime":619.049989069}